,age,bmi,bnp,sodium,creatinine,systolic_bp,heart_rate,adherence_score,distance_to_hospital_km
age,1.0,-0.005,0.024,-0.032,-0.015,-0.016,-0.006,0.003,0.019
bmi,-0.005,1.0,-0.011,0.002,0.017,0.016,0.029,-0.037,-0.004
bnp,0.024,-0.011,1.0,0.011,-0.039,-0.008,-0.01,-0.031,0.021
sodium,-0.032,0.002,0.011,1.0,-0.02,0.004,-0.009,-0.045,-0.005
creatinine,-0.015,0.017,-0.039,-0.02,1.0,-0.013,0.012,0.0,-0.017
systolic_bp,-0.016,0.016,-0.008,0.004,-0.013,1.0,0.019,-0.036,-0.009
heart_rate,-0.006,0.029,-0.01,-0.009,0.012,0.019,1.0,0.014,0.021
adherence_score,0.003,-0.037,-0.031,-0.045,0.0,-0.036,0.014,1.0,-0.006
distance_to_hospital_km,0.019,-0.004,0.021,-0.005,-0.017,-0.009,0.021,-0.006,1.0
