,count,mean,std,min,25%,50%,75%,max,variance,skewness
age,3000.0,65.254,14.806,40.0,52.0,65.0,78.0,90.0,219.231,-0.034
bmi,2909.0,28.116,4.937,11.5,24.8,28.1,31.5,44.9,24.373,-0.037
bnp,3000.0,406.308,232.273,50.0,225.0,392.0,569.0,1381.0,53950.793,0.346
sodium,2910.0,138.089,4.032,124.7,135.3,138.1,140.8,151.6,16.256,0.036
creatinine,2892.0,1.204,0.479,0.0,0.87,1.2,1.52,2.94,0.23,0.134
systolic_bp,3000.0,129.589,20.257,61.0,116.0,130.0,143.0,196.0,410.351,-0.104
heart_rate,2998.0,79.402,15.203,34.0,69.0,79.0,90.0,147.0,231.145,0.003
adherence_score,3000.0,0.699,0.173,0.4,0.55,0.7,0.85,1.0,0.03,0.023
distance_to_hospital_km,3000.0,25.4,14.146,1.0,12.8,25.45,37.525,50.0,200.102,0.004
